{
    "enabled": true,
    "neededInstalledMods": [],
    "neededUninstalledMods": [],
    "spawns": [
        {
            "id": "xerneas-1",
            "pokemon": "xerneas",
            "presets": [
                "natural"
            ],
            "type": "pokemon",
            "context": "grounded",
            "bucket": "ultra-rare",
            "level": "65-75",
            "weight": 1.6,
            "condition": {
                "timeRange": "day",
                "biomes": [
                    "#cobblemon:is_floral"
                ]
            }
        }
    ]
}