{
    "enabled": true,
    "neededInstalledMods": [],
    "neededUninstalledMods": [],
    "spawns": [
        {
            "id": "eternatus-1",
            "pokemon": "eternatus",
            "presets": [
                "natural"
            ],
            "type": "pokemon",
            "context": "grounded",
            "bucket": "ultra-rare",
            "level": "70-75",
            "weight": 0.2,
            "condition": {
                "canSeeSky": false,
                "biomes": [
                    "minecraft:end_barrens"
                ]
            }
        }
    ]
}