{
  "type": "minecraft:chest",
  "pools": [
    {
      "rolls": { "min": 8, "max":13 },
      "entries": [
        { "type": "loot_table", "value": "bca:support_tables/apricorn",    "weight": 3 },
        { "type": "loot_table", "value": "bca:support_tables/plant_items", "weight": 3 },
        { "type": "loot_table", "value": "bca:support_tables/berries",     "weight": 2 },
        { "type": "item",       "name": "minecraft:air",                   "weight": 5 }
      ]
    }
  ]
}
