{
  "type": "minecraft:chest",
  "pools": [
    {
      "rolls": { "min": 8, "max":12 },
      "entries": [
        { "type": "loot_table", "value": "bca:support_tables/brewing_and_alchemy", "weight": 2 },
        { "type": "loot_table", "value": "bca:item_groups/ingredients",     "weight": 3 },
        { "type": "loot_table", "value": "bca:support_tables/mulch",     "weight": 5 },
        { "type": "item",       "name": "minecraft:air",                 "weight": 2 }
      ]
    }
  ]
}
