{
  "parent": "cobbleverse:trainer/hoenn/defeat_adriano",
  "display": {
    "title": {
      "translate": "advancements.cobbleverse.catch_kyogre"
    },
    "description": {
      "translate": "advancements.cobbleverse.catch_kyogre.description"
    },
    "icon": {
      "id": "lumymon:ocean_core"
    },
    "announce_to_chat": true,
    "show_toast": true,
    "hidden": false,
    "frame": "goal"
  },
  "criteria": {
    "caught_kyogre": {
      "trigger": "cobblemon:aspects_collected",
      "conditions": {
        "species": "cobblemon:kyogre",
        "aspects": ["legendary"]
      }
    }
  },
  "requirements": [
    [
      "caught_kyogre"
    ]
  ]
}