{
  "parent": "cobbleverse:pokemon/catch_kyogre",
  "display": {
    "title": {
      "translate": "advancements.cobbleverse.catch_kyogre_shiny"
    },
    "description": {
      "translate": "advancements.cobbleverse.catch_kyogre_shiny.description"
    },
    "icon": {
      "id": "lumymon:primordial_gem"
    },
    "announce_to_chat": true,
    "show_toast": true,
    "hidden": true,
    "frame": "challenge"
  },
  "criteria": {
    "caught_kyogre_shiny": {
      "trigger": "cobblemon:aspects_collected",
      "conditions": {
        "species": "cobblemon:kyogre",
        "aspects": ["shiny"]
      }
    }
  },
  "requirements": [
    [
      "caught_kyogre_shiny"
    ]
  ]
}