{
  "parent": "cobbleverse:gen_3",
  "display": {
    "title": {
      "translate": "advancements.cobbleverse.catch_regirock"
    },
    "description": {
      "translate": "advancements.cobbleverse.catch_regirock.description"
    },
    "icon": {
      "id": "lumymon:pebble_relic"
    },
    "announce_to_chat": true,
    "show_toast": true,
    "hidden": false,
    "frame": "goal"
  },
  "criteria": {
    "caught_regirock": {
      "trigger": "cobblemon:aspects_collected",
      "conditions": {
        "species": "cobblemon:regirock",
        "aspects": ["legendary"]
      }
    }
  },
  "requirements": [
    [
      "caught_regirock"
    ]
  ]
}