{
  "parent": "cobbleverse:pokemon/catch_groudon_shiny",
  "display": {
    "title": {
      "translate": "advancements.cobbleverse.catch_rayquaza_mega"
    },
    "description": {
      "translate": "advancements.cobbleverse.catch_rayquaza_mega.description"
    },
    "icon": {
      "id": "lumymon:emerald_emblem"
    },
    "announce_to_chat": true,
    "show_toast": true,
    "hidden": false,
    "frame": "goal"
  },
  "criteria": {
    "caught_rayquaza": {
      "trigger": "cobblemon:aspects_collected",
      "conditions": {
        "species": "cobblemon:rayquaza",
        "aspects": ["legendary"]
      }
    }
  },
  "requirements": [
    [
      "caught_rayquaza"
    ]
  ]
}