{
    "implemented": true,
    "nationalPokedexNumber": 249,
    "name": "Lugia",
    "primaryType": "psychic",
    "secondaryType": "flying",
    "maleRatio": -1,
    "height": 52,
    "weight": 2160,
    "pokedex": [
        "cobblemon.species.lugia.desc"
    ],
    "labels": [
        "gen2",
        "legendary",
        "restricted"
    ],
    "aspects": [],
    "abilities": [
        "pressure",
        "h:multiscale"
    ],
    "eggGroups": [
        "undiscovered"
    ],
    "baseStats": {
        "hp": 106,
        "attack": 90,
        "defence": 130,
        "special_attack": 90,
        "special_defence": 154,
        "speed": 110
    },
    "evYield": {
        "hp": 0,
        "attack": 0,
        "defence": 0,
        "special_attack": 0,
        "special_defence": 3,
        "speed": 0
    },
    "baseExperienceYield": 340,
    "experienceGroup": "slow",
    "catchRate": 3,
    "eggCycles": 120,
    "baseFriendship": 0,
    "baseScale": 1,
    "hitbox": {
        "width": 2,
        "height": 4.5,
        "fixed": false
    },
    "behaviour": {
        "moving": {
            "fly": {
                "canFly": true
            },
            "swim": {
                "canBreatheUnderwater": true
            }
        },
        "resting": {
            "canSleep": true,
            "light": "0-4",
            "times": [
                "day"
            ],
            "drowsyChance": 0.0033,
            "rouseChance": 0.0042
        },
        "herd": {
            "maxSize": "2",
            "toleratedLeaders": [
                {
                    "pokemon": "lugia",
                    "tier": 1
                }
            ]
        },
        "combat": {
            "willDefendSelf": true,
            "willDefendOwner": true,
            "willFlee": false
        }
    },
    "drops": {
        "amount": 4,
        "entries": [
            {
                "item": "minecraft:feather",
                "quantityRange": "2-4"
            }
        ]
    },
    "moves": [
        "1:whirlwind",
        "1:weatherball",
        "1:gust",
        "1:dragonrush",
        "1:punishment",
        "1:ancientpower",
        "1:naturalgift",
        "9:mist",
        "18:safeguard",
        "27:calmmind",
        "36:extrasensory",
        "45:recover",
        "54:aeroblast",
        "63:raindance",
        "72:hydropump",
        "81:futuresight",
        "90:skyattack",
        "tm:acrobatics",
        "tm:aerialace",
        "tm:aircutter",
        "tm:airslash",
        "tm:ancientpower",
        "tm:aquatail",
        "tm:avalanche",
        "tm:blizzard",
        "tm:bodyslam",
        "tm:bravebird",
        "tm:brine",
        "tm:calmmind",
        "tm:chargebeam",
        "tm:chillingwater",
        "tm:curse",
        "tm:defog",
        "tm:dive",
        "tm:doubleedge",
        "tm:dragonpulse",
        "tm:dragontail",
        "tm:dreameater",
        "tm:dualwingbeat",
        "tm:earthpower",
        "tm:earthquake",
        "tm:echoedvoice",
        "tm:endure",
        "tm:facade",
        "tm:flash",
        "tm:fly",
        "tm:futuresight",
        "tm:gigadrain",
        "tm:gigaimpact",
        "tm:hail",
        "tm:headbutt",
        "tm:helpinghand",
        "tm:hurricane",
        "tm:hydropump",
        "tm:hyperbeam",
        "tm:hypervoice",
        "tm:icebeam",
        "tm:icywind",
        "tm:imprison",
        "tm:ironhead",
        "tm:irontail",
        "tm:laserfocus",
        "tm:lightscreen",
        "tm:liquidation",
        "tm:naturalgift",
        "tm:ominouswind",
        "tm:protect",
        "tm:psychic",
        "tm:psychicnoise",
        "tm:psychup",
        "tm:psyshock",
        "tm:raindance",
        "tm:reflect",
        "tm:rest",
        "tm:rocksmash",
        "tm:roost",
        "tm:safeguard",
        "tm:sandstorm",
        "tm:scaleshot",
        "tm:scaryface",
        "tm:shadowball",
        "tm:shockwave",
        "tm:signalbeam",
        "tm:skillswap",
        "tm:skyattack",
        "tm:skydrop",
        "tm:sleeptalk",
        "tm:steelwing",
        "tm:strength",
        "tm:substitute",
        "tm:sunnyday",
        "tm:surf",
        "tm:swift",
        "tm:tailwind",
        "tm:takedown",
        "tm:telekinesis",
        "tm:terablast",
        "tm:thunder",
        "tm:thunderbolt",
        "tm:trick",
        "tm:twister",
        "tm:waterfall",
        "tm:waterpulse",
        "tm:weatherball",
        "tm:whirlpool",
        "tm:wonderroom",
        "tm:zenheadbutt",
        "tutor:aerialace",
        "tutor:aircutter",
        "tutor:ancientpower",
        "tutor:aquatail",
        "tutor:calmmind",
        "tutor:chargebeam",
        "tutor:defog",
        "tutor:dive",
        "tutor:dragonpulse",
        "tutor:dualwingbeat",
        "tutor:earthpower",
        "tutor:gigadrain",
        "tutor:gigaimpact",
        "tutor:helpinghand",
        "tutor:hyperbeam",
        "tutor:hypervoice",
        "tutor:icebeam",
        "tutor:icywind",
        "tutor:ironhead",
        "tutor:irontail",
        "tutor:laserfocus",
        "tutor:liquidation",
        "tutor:ominouswind",
        "tutor:psychic",
        "tutor:rest",
        "tutor:rocksmash",
        "tutor:roost",
        "tutor:scaleshot",
        "tutor:shadowball",
        "tutor:shockwave",
        "tutor:signalbeam",
        "tutor:skillswap",
        "tutor:skyattack",
        "tutor:sleeptalk",
        "tutor:swift",
        "tutor:tailwind",
        "tutor:telekinesis",
        "tutor:thunderbolt",
        "tutor:trick",
        "tutor:twister",
        "tutor:waterpulse",
        "tutor:wonderroom",
        "tutor:zenheadbutt",
        "legacy:bulldoze",
        "legacy:confide",
        "legacy:detect",
        "legacy:doubleteam",
        "legacy:dragonbreath",
        "legacy:frustration",
        "legacy:hiddenpower",
        "legacy:mimic",
        "legacy:mudslap",
        "legacy:nightmare",
        "legacy:return",
        "legacy:roar",
        "legacy:round",
        "legacy:secretpower",
        "legacy:snore",
        "legacy:swagger",
        "legacy:thunderwave",
        "legacy:toxic",
        "legacy:zapcannon",
        "special:featherdance",
        "special:psychoboost"
    ],
    "evolutions": []
}