﻿{
  "type": "minecraft:chest",
  "pools": [
    {
      "rolls": 1,
      "entries": [
        { "type": "loot_table", "value": "bca:item_groups/food", "weight": 2 },
        { "type": "loot_table", "value": "bca:item_groups/candies",     "weight": 1 },
        { "type": "loot_table", "value": "bca:item_groups/cobblefood", "weight": 3 },
        { "type": "loot_table", "value": "bca:item_groups/pokefood", "weight": 3 },
        { "type": "item",       "name": "minecraft:air",                "weight": 7 }
      ]
    }
  ]
}
