{
  "type": "minecraft:chest",
  "pools": [
    {
      "rolls": 1,
      "entries": [
        { "type": "item", "name": "cobblemon:black_augurite", "weight": 1 },
        { "type": "item", "name": "cobblemon:chipped_pot", "weight": 1 },
        { "type": "item", "name": "cobblemon:cracked_pot", "weight": 1 },
        { "type": "item", "name": "cobblemon:deep_sea_scale", "weight": 1 },
        { "type": "item", "name": "cobblemon:deep_sea_tooth", "weight": 1 },
        { "type": "item", "name": "cobblemon:dragon_scale", "weight": 1 },
        { "type": "item", "name": "cobblemon:dubious_disc", "weight": 1 },
        { "type": "item", "name": "cobblemon:electirizer", "weight": 1 },
        { "type": "item", "name": "cobblemon:galarica_cuff", "weight": 1 },
        { "type": "item", "name": "cobblemon:galarica_wreath", "weight": 1 },
        { "type": "item", "name": "cobblemon:kings_rock", "weight": 1 },
        { "type": "item", "name": "cobblemon:link_cable", "weight": 5 },
        { "type": "item", "name": "cobblemon:magmarizer", "weight": 1 },
        { "type": "item", "name": "cobblemon:masterpiece_teacup", "weight": 1 },
        { "type": "item", "name": "cobblemon:metal_coat", "weight": 1 },
        { "type": "item", "name": "cobblemon:oval_stone", "weight": 1 },
        { "type": "item", "name": "cobblemon:peat_block", "weight": 1 },
        { "type": "item", "name": "cobblemon:prism_scale", "weight": 1 },
        { "type": "item", "name": "cobblemon:protector", "weight": 1 },
        { "type": "item", "name": "cobblemon:razor_claw", "weight": 1 },
        { "type": "item", "name": "cobblemon:razor_fang", "weight": 1 },
        { "type": "item", "name": "cobblemon:reaper_cloth", "weight": 1 },
        { "type": "item", "name": "cobblemon:sachet", "weight": 1 },
        { "type": "item", "name": "cobblemon:shell_helmet", "weight": 1 },
        { "type": "item", "name": "cobblemon:berry_sweet", "weight": 1 },
        { "type": "item", "name": "cobblemon:clover_sweet", "weight": 1 },
        { "type": "item", "name": "cobblemon:flower_sweet", "weight": 1 },
        { "type": "item", "name": "cobblemon:love_sweet", "weight": 1 },
        { "type": "item", "name": "cobblemon:ribbon_sweet", "weight": 1 },
        { "type": "item", "name": "cobblemon:star_sweet", "weight": 1 },
        { "type": "item", "name": "cobblemon:strawberry_sweet", "weight": 1 },
        { "type": "item", "name": "cobblemon:sweet_apple", "weight": 1 },
        { "type": "item", "name": "minecraft:sweet_berries", "weight": 1 },
        { "type": "item", "name": "cobblemon:tart_apple", "weight": 1 },
        { "type": "item", "name": "cobblemon:unremarkable_teacup", "weight": 1 },
        { "type": "item", "name": "cobblemon:upgrade", "weight": 1 },
        { "type": "item", "name": "cobblemon:whipped_dream", "weight": 1 },
        { "type": "item", "name": "cobblemon:metal_alloy", "weight": 1 },
        { "type": "item", "name": "cobblemon:sweet_heart", "weight": 1 },
        { "type": "item", "name": "cobblemon:syrupy_apple", "weight": 1 }
      ]
    }
  ]
}
