{
  "type": "minecraft:chest",
  "pools": [
    {
      "rolls": 1,
      "entries": [
        { "type": "item", "name": "cobblemon:azure_rod", "weight": 2, "functions": [ { "function": "set_damage", "damage": { "min": 0, "max": 100 } } ] },
        { "type": "item", "name": "cobblemon:azure_rod", "weight": 3, "functions": [ { "function": "set_damage", "damage": { "min": 0, "max": 100 } }, { "function": "enchant_randomly" } ] },
        { "type": "item", "name": "cobblemon:beast_rod", "weight": 2, "functions": [ { "function": "set_damage", "damage": { "min": 0, "max": 100 } } ] },
        { "type": "item", "name": "cobblemon:beast_rod", "weight": 3, "functions": [ { "function": "set_damage", "damage": { "min": 0, "max": 100 } }, { "function": "enchant_randomly" } ] },
        { "type": "item", "name": "cobblemon:cherish_rod", "weight": 2, "functions": [ { "function": "set_damage", "damage": { "min": 0, "max": 100 } } ] },
        { "type": "item", "name": "cobblemon:cherish_rod", "weight": 3, "functions": [ { "function": "set_damage", "damage": { "min": 0, "max": 100 } }, { "function": "enchant_randomly" } ] },
        { "type": "item", "name": "cobblemon:citrine_rod", "weight": 2, "functions": [ { "function": "set_damage", "damage": { "min": 0, "max": 100 } } ] },
        { "type": "item", "name": "cobblemon:citrine_rod", "weight": 3, "functions": [ { "function": "set_damage", "damage": { "min": 0, "max": 100 } }, { "function": "enchant_randomly" } ] },
        { "type": "item", "name": "cobblemon:dive_rod", "weight": 2, "functions": [ { "function": "set_damage", "damage": { "min": 0, "max": 100 } } ] },
        { "type": "item", "name": "cobblemon:dive_rod", "weight": 3, "functions": [ { "function": "set_damage", "damage": { "min": 0, "max": 100 } }, { "function": "enchant_randomly" } ] },
        { "type": "item", "name": "cobblemon:dream_rod", "weight": 2, "functions": [ { "function": "set_damage", "damage": { "min": 0, "max": 100 } } ] },
        { "type": "item", "name": "cobblemon:dream_rod", "weight": 3, "functions": [ { "function": "set_damage", "damage": { "min": 0, "max": 100 } }, { "function": "enchant_randomly" } ] },
        { "type": "item", "name": "cobblemon:dusk_rod", "weight": 2, "functions": [ { "function": "set_damage", "damage": { "min": 0, "max": 100 } } ] },
        { "type": "item", "name": "cobblemon:dusk_rod", "weight": 3, "functions": [ { "function": "set_damage", "damage": { "min": 0, "max": 100 } }, { "function": "enchant_randomly" } ] },
        { "type": "item", "name": "cobblemon:fast_rod", "weight": 2, "functions": [ { "function": "set_damage", "damage": { "min": 0, "max": 100 } } ] },
        { "type": "item", "name": "cobblemon:fast_rod", "weight": 3, "functions": [ { "function": "set_damage", "damage": { "min": 0, "max": 100 } }, { "function": "enchant_randomly" } ] },
        { "type": "item", "name": "cobblemon:friend_rod", "weight": 2, "functions": [ { "function": "set_damage", "damage": { "min": 0, "max": 100 } } ] },
        { "type": "item", "name": "cobblemon:friend_rod", "weight": 3, "functions": [ { "function": "set_damage", "damage": { "min": 0, "max": 100 } }, { "function": "enchant_randomly" } ] },
        { "type": "item", "name": "cobblemon:great_rod", "weight": 2, "functions": [ { "function": "set_damage", "damage": { "min": 0, "max": 100 } } ] },
        { "type": "item", "name": "cobblemon:great_rod", "weight": 3, "functions": [ { "function": "set_damage", "damage": { "min": 0, "max": 100 } }, { "function": "enchant_randomly" } ] },
        { "type": "item", "name": "cobblemon:heal_rod", "weight": 2, "functions": [ { "function": "set_damage", "damage": { "min": 0, "max": 100 } } ] },
        { "type": "item", "name": "cobblemon:heal_rod", "weight": 3, "functions": [ { "function": "set_damage", "damage": { "min": 0, "max": 100 } }, { "function": "enchant_randomly" } ] },
        { "type": "item", "name": "cobblemon:heavy_rod", "weight": 2, "functions": [ { "function": "set_damage", "damage": { "min": 0, "max": 100 } } ] },
        { "type": "item", "name": "cobblemon:heavy_rod", "weight": 3, "functions": [ { "function": "set_damage", "damage": { "min": 0, "max": 100 } }, { "function": "enchant_randomly" } ] },
        { "type": "item", "name": "cobblemon:level_rod", "weight": 2, "functions": [ { "function": "set_damage", "damage": { "min": 0, "max": 100 } } ] },
        { "type": "item", "name": "cobblemon:level_rod", "weight": 3, "functions": [ { "function": "set_damage", "damage": { "min": 0, "max": 100 } }, { "function": "enchant_randomly" } ] },
        { "type": "item", "name": "cobblemon:love_rod", "weight": 2, "functions": [ { "function": "set_damage", "damage": { "min": 0, "max": 100 } } ] },
        { "type": "item", "name": "cobblemon:love_rod", "weight": 3, "functions": [ { "function": "set_damage", "damage": { "min": 0, "max": 100 } }, { "function": "enchant_randomly" } ] },
        { "type": "item", "name": "cobblemon:lure_rod", "weight": 2, "functions": [ { "function": "set_damage", "damage": { "min": 0, "max": 100 } } ] },
        { "type": "item", "name": "cobblemon:lure_rod", "weight": 3, "functions": [ { "function": "set_damage", "damage": { "min": 0, "max": 100 } }, { "function": "enchant_randomly" } ] },
        { "type": "item", "name": "cobblemon:luxury_rod", "weight": 2, "functions": [ { "function": "set_damage", "damage": { "min": 0, "max": 100 } } ] },
        { "type": "item", "name": "cobblemon:luxury_rod", "weight": 3, "functions": [ { "function": "set_damage", "damage": { "min": 0, "max": 100 } }, { "function": "enchant_randomly" } ] },
        { "type": "item", "name": "cobblemon:master_rod", "weight": 2, "functions": [ { "function": "set_damage", "damage": { "min": 0, "max": 100 } } ] },
        { "type": "item", "name": "cobblemon:master_rod", "weight": 3, "functions": [ { "function": "set_damage", "damage": { "min": 0, "max": 100 } }, { "function": "enchant_randomly" } ] },
        { "type": "item", "name": "cobblemon:moon_rod", "weight": 2, "functions": [ { "function": "set_damage", "damage": { "min": 0, "max": 100 } } ] },
        { "type": "item", "name": "cobblemon:moon_rod", "weight": 3, "functions": [ { "function": "set_damage", "damage": { "min": 0, "max": 100 } }, { "function": "enchant_randomly" } ] },
        { "type": "item", "name": "cobblemon:nest_rod", "weight": 2, "functions": [ { "function": "set_damage", "damage": { "min": 0, "max": 100 } } ] },
        { "type": "item", "name": "cobblemon:nest_rod", "weight": 3, "functions": [ { "function": "set_damage", "damage": { "min": 0, "max": 100 } }, { "function": "enchant_randomly" } ] },
        { "type": "item", "name": "cobblemon:net_rod", "weight": 2, "functions": [ { "function": "set_damage", "damage": { "min": 0, "max": 100 } } ] },
        { "type": "item", "name": "cobblemon:net_rod", "weight": 3, "functions": [ { "function": "set_damage", "damage": { "min": 0, "max": 100 } }, { "function": "enchant_randomly" } ] },
        { "type": "item", "name": "cobblemon:park_rod", "weight": 2, "functions": [ { "function": "set_damage", "damage": { "min": 0, "max": 100 } } ] },
        { "type": "item", "name": "cobblemon:park_rod", "weight": 3, "functions": [ { "function": "set_damage", "damage": { "min": 0, "max": 100 } }, { "function": "enchant_randomly" } ] },
        { "type": "item", "name": "cobblemon:poke_rod", "weight": 2, "functions": [ { "function": "set_damage", "damage": { "min": 0, "max": 100 } } ] },
        { "type": "item", "name": "cobblemon:poke_rod", "weight": 3, "functions": [ { "function": "set_damage", "damage": { "min": 0, "max": 100 } }, { "function": "enchant_randomly" } ] },
        { "type": "item", "name": "cobblemon:premier_rod", "weight": 2, "functions": [ { "function": "set_damage", "damage": { "min": 0, "max": 100 } } ] },
        { "type": "item", "name": "cobblemon:premier_rod", "weight": 3, "functions": [ { "function": "set_damage", "damage": { "min": 0, "max": 100 } }, { "function": "enchant_randomly" } ] },
        { "type": "item", "name": "cobblemon:quick_rod", "weight": 2, "functions": [ { "function": "set_damage", "damage": { "min": 0, "max": 100 } } ] },
        { "type": "item", "name": "cobblemon:quick_rod", "weight": 3, "functions": [ { "function": "set_damage", "damage": { "min": 0, "max": 100 } }, { "function": "enchant_randomly" } ] },
        { "type": "item", "name": "cobblemon:repeat_rod", "weight": 2, "functions": [ { "function": "set_damage", "damage": { "min": 0, "max": 100 } } ] },
        { "type": "item", "name": "cobblemon:repeat_rod", "weight": 3, "functions": [ { "function": "set_damage", "damage": { "min": 0, "max": 100 } }, { "function": "enchant_randomly" } ] },
        { "type": "item", "name": "cobblemon:roseate_rod", "weight": 2, "functions": [ { "function": "set_damage", "damage": { "min": 0, "max": 100 } } ] },
        { "type": "item", "name": "cobblemon:roseate_rod", "weight": 3, "functions": [ { "function": "set_damage", "damage": { "min": 0, "max": 100 } }, { "function": "enchant_randomly" } ] },
        { "type": "item", "name": "cobblemon:safari_rod", "weight": 2, "functions": [ { "function": "set_damage", "damage": { "min": 0, "max": 100 } } ] },
        { "type": "item", "name": "cobblemon:safari_rod", "weight": 3, "functions": [ { "function": "set_damage", "damage": { "min": 0, "max": 100 } }, { "function": "enchant_randomly" } ] },
        { "type": "item", "name": "cobblemon:slate_rod", "weight": 2, "functions": [ { "function": "set_damage", "damage": { "min": 0, "max": 100 } } ] },
        { "type": "item", "name": "cobblemon:slate_rod", "weight": 3, "functions": [ { "function": "set_damage", "damage": { "min": 0, "max": 100 } }, { "function": "enchant_randomly" } ] },
        { "type": "item", "name": "cobblemon:sport_rod", "weight": 2, "functions": [ { "function": "set_damage", "damage": { "min": 0, "max": 100 } } ] },
        { "type": "item", "name": "cobblemon:sport_rod", "weight": 3, "functions": [ { "function": "set_damage", "damage": { "min": 0, "max": 100 } }, { "function": "enchant_randomly" } ] },
        { "type": "item", "name": "cobblemon:timer_rod", "weight": 2, "functions": [ { "function": "set_damage", "damage": { "min": 0, "max": 100 } } ] },
        { "type": "item", "name": "cobblemon:timer_rod", "weight": 3, "functions": [ { "function": "set_damage", "damage": { "min": 0, "max": 100 } }, { "function": "enchant_randomly" } ] },
        { "type": "item", "name": "cobblemon:ultra_rod", "weight": 2, "functions": [ { "function": "set_damage", "damage": { "min": 0, "max": 100 } } ] },
        { "type": "item", "name": "cobblemon:ultra_rod", "weight": 3, "functions": [ { "function": "set_damage", "damage": { "min": 0, "max": 100 } }, { "function": "enchant_randomly" } ] },
        { "type": "item", "name": "cobblemon:verdant_rod", "weight": 2, "functions": [ { "function": "set_damage", "damage": { "min": 0, "max": 100 } } ] },
        { "type": "item", "name": "cobblemon:verdant_rod", "weight": 3, "functions": [ { "function": "set_damage", "damage": { "min": 0, "max": 100 } }, { "function": "enchant_randomly" } ] }
      ]
    }
  ]
}
