{
  "tiers": [
    {
      "groups": [
        {
          "num_to_select": 8.0,
          "trades": [
            {
              "cost_a": {
                "type": "minecraft:item",
                "functions": [ { "add": false, "count": 1.0, "function": "minecraft:set_count" } ],
                "name": "lumymon:rock_casque"
              },
              "cost_b": {
                "type": "minecraft:item",
                "name": "minecraft:map"
              },
              "max_uses": 4.0,
              "price_multiplier": 0.05,
              "result": {
                "type": "minecraft:item",
                "functions": [
                  { 
                    "decoration": "lumymon:rock_gym", 
                    "destination": "cobbleverse:sinnoh_pedro_gym", 
                    "function": "minecraft:exploration_map", 
                    "search_radius": 50 
                  },
                  { 
                    "function": "minecraft:set_name", 
                    "name": "§3Pedro's Gym", 
                    "target": "item_name" 
                  }
                ],
                "name": "minecraft:map"
              },
              "trader_experience": 5.0
            },
            {
              "cost_a": {
                "type": "minecraft:item",
                "functions": [ { "add": false, "count": 1.0, "function": "minecraft:set_count" } ],
                "name": "lumymon:grass_aroma"
              },
              "cost_b": {
                "type": "minecraft:item",
                "name": "minecraft:map"
              },
              "max_uses": 4.0,
              "price_multiplier": 0.05,
              "result": {
                "type": "minecraft:item",
                "functions": [
                  { 
                    "decoration": "lumymon:grass_gym", 
                    "destination": "cobbleverse:sinnoh_gardenia_gym", 
                    "function": "minecraft:exploration_map", 
                    "search_radius": 50 
                  },
                  { 
                    "function": "minecraft:set_name", 
                    "name": "§2Gardenia's Gym", 
                    "target": "item_name" 
                  }
                ],
                "name": "minecraft:map"
              },
              "trader_experience": 5.0
            },
            {
              "cost_a": {
                "type": "minecraft:item",
                "functions": [ { "add": false, "count": 1.0, "function": "minecraft:set_count" } ],
                "name": "lumymon:fighting_bandage"
              },
              "cost_b": {
                "type": "minecraft:item",
                "name": "minecraft:map"
              },
              "max_uses": 4.0,
              "price_multiplier": 0.05,
              "result": {
                "type": "minecraft:item",
                "functions": [
                  { 
                    "decoration": "lumymon:fighting_gym", 
                    "destination": "cobbleverse:sinnoh_marzia_gym", 
                    "function": "minecraft:exploration_map", 
                    "search_radius": 50 
                  },
                  { 
                    "function": "minecraft:set_name", 
                    "name": "§6Marzia's Gym", 
                    "target": "item_name" 
                  }
                ],
                "name": "minecraft:map"
              },
              "trader_experience": 5.0
            },
            {
              "cost_a": {
                "type": "minecraft:item",
                "functions": [ { "add": false, "count": 1.0, "function": "minecraft:set_count" } ],
                "name": "lumymon:water_mask"
              },
              "cost_b": {
                "type": "minecraft:item",
                "name": "minecraft:map"
              },
              "max_uses": 4.0,
              "price_multiplier": 0.05,
              "result": {
                "type": "minecraft:item",
                "functions": [
                  { 
                    "decoration": "lumymon:water_gym", 
                    "destination": "cobbleverse:sinnoh_omar_gym", 
                    "function": "minecraft:exploration_map", 
                    "search_radius": 50 
                  },
                  { 
                    "function": "minecraft:set_name", 
                    "name": "§9Omar's Gym", 
                    "target": "item_name" 
                  }
                ],
                "name": "minecraft:map"
              },
              "trader_experience": 5.0
            },
            {
              "cost_a": {
                "type": "minecraft:item",
                "functions": [ { "add": false, "count": 1.0, "function": "minecraft:set_count" } ],
                "name": "lumymon:ghost_pendant"
              },
              "cost_b": {
                "type": "minecraft:item",
                "name": "minecraft:map"
              },
              "max_uses": 4.0,
              "price_multiplier": 0.05,
              "result": {
                "type": "minecraft:item",
                "functions": [
                  { 
                    "decoration": "lumymon:ghost_gym", 
                    "destination": "cobbleverse:sinnoh_fannie_gym", 
                    "function": "minecraft:exploration_map", 
                    "search_radius": 50 
                  },
                  { 
                    "function": "minecraft:set_name", 
                    "name": "§5Fannie's Gym", 
                    "target": "item_name" 
                  }
                ],
                "name": "minecraft:map"
              },
              "trader_experience": 5.0
            },
            {
              "cost_a": {
                "type": "minecraft:item",
                "functions": [ { "add": false, "count": 1.0, "function": "minecraft:set_count" } ],
                "name": "lumymon:steel_spade"
              },
              "cost_b": {
                "type": "minecraft:item",
                "name": "minecraft:map"
              },
              "max_uses": 4.0,
              "price_multiplier": 0.05,
              "result": {
                "type": "minecraft:item",
                "functions": [
                  { 
                    "decoration": "lumymon:steel_gym", 
                    "destination": "cobbleverse:sinnoh_ferruccio_gym", 
                    "function": "minecraft:exploration_map", 
                    "search_radius": 50 
                  },
                  { 
                    "function": "minecraft:set_name", 
                    "name": "§7Ferruccio's Gym", 
                    "target": "item_name" 
                  }
                ],
                "name": "minecraft:map"
              },
              "trader_experience": 5.0
            },
            {
              "cost_a": {
                "type": "minecraft:item",
                "functions": [ { "add": false, "count": 1.0, "function": "minecraft:set_count" } ],
                "name": "lumymon:ice_ribbon"
              },
              "cost_b": {
                "type": "minecraft:item",
                "name": "minecraft:map"
              },
              "max_uses": 4.0,
              "price_multiplier": 0.05,
              "result": {
                "type": "minecraft:item",
                "functions": [
                  { 
                    "decoration": "lumymon:ice_gym", 
                    "destination": "cobbleverse:sinnoh_bianca_gym", 
                    "function": "minecraft:exploration_map", 
                    "search_radius": 50 
                  },
                  { 
                    "function": "minecraft:set_name", 
                    "name": "§bBianca's Gym", 
                    "target": "item_name" 
                  }
                ],
                "name": "minecraft:map"
              },
              "trader_experience": 5.0
            },
            {
              "cost_a": {
                "type": "minecraft:item",
                "functions": [ { "add": false, "count": 1.0, "function": "minecraft:set_count" } ],
                "name": "lumymon:electric_fuse"
              },
              "cost_b": {
                "type": "minecraft:item",
                "name": "minecraft:map"
              },
              "max_uses": 4.0,
              "price_multiplier": 0.05,
              "result": {
                "type": "minecraft:item",
                "functions": [
                  { 
                    "decoration": "lumymon:electric_gym", 
                    "destination": "cobbleverse:sinnoh_corrado_gym", 
                    "function": "minecraft:exploration_map", 
                    "search_radius": 50 
                  },
                  { 
                    "function": "minecraft:set_name", 
                    "name": "§eCorrado's Gym", 
                    "target": "item_name" 
                  }
                ],
                "name": "minecraft:map"
              },
              "trader_experience": 5.0
            }
          ]
        }
      ],
      "total_exp_required": 0
    },
    {
      "groups": [
        {
          "num_to_select": 1.0,
          "trades": [
            {
              "cost_a": {
                "type": "minecraft:item",
                "functions": [ { "add": false, "count": 1.0, "function": "minecraft:set_count" } ],
                "name": "lumymon:draconic_fin"
              },
              "cost_b": {
                "type": "minecraft:item",
                "name": "minecraft:map"
              },
              "max_uses": 4.0,
              "price_multiplier": 0.05,
              "result": {
                "type": "minecraft:item",
                "functions": [
                  { 
                    "decoration": "lumymon:league", 
                    "destination": "cobbleverse:sinnoh_league_castle", 
                    "function": "minecraft:exploration_map", 
                    "search_radius": 100 
                  },
                  { 
                    "function": "minecraft:set_name", 
                    "name": "§dSinnoh Leagu", 
                    "target": "item_name" }
                ],
                "name": "minecraft:map"
              },
              "trader_experience": 80.0
            }
          ]
        }
      ],
      "total_exp_required": 10.0
    }
  ]
}