{
    "category": "misc",
    "group": "cobblecuisine",
    "key": {
        "b": {
            "item": "minecraft:bread"
        },
        "x": {
            "item": "cobblecuisine:spice_mix"
        },
        "y": {
            "item": "cobblecuisine:roasted_occa_berry"
        },
        "z": {
            "item": "minecraft:baked_potato"
        }
    },
    "pattern": [
        " b ",
        "xyz",
        " b "
    ],
    "result": {
        "count": 1,
        "id": "cobblecuisine:spicy_five_alarm_sandwich"
    },
    "show_notification": true,
    "type": "minecraft:crafting_shaped"
}