{
  "type": "minecraft:crafting_shaped",
  "pattern": [
    "XYX",
    "XZX",
    "XXX"
  ],
  "key": {
    "X": { "item": "minecraft:quartz_slab" },
    "Y": { "item": "cobblemon:white_apricorn" },
    "Z": { "item": "cobblemon:black_apricorn" }
  },
  "result": {
    "id": "lumymon:normal_tablet",
    "count": 1,
    "components": {
      "lumymon:structure_name": "cobbleverse:norman",
      "lumymon:dimension_id": "any",
      "lumymon:map_decoration": "lumymon:normal_gym"
    }
  }
}