{
  "type": "minecraft:crafting_shaped",
  "pattern": [
    "X X",
    " Y ",
    " Z "
  ],
  "key": {
    "X": { "item": "minecraft:gold_nugget" },
    "Y": { "item": "cobblemon:cell_battery" },
    "Z": { "item": "minecraft:chain" }
  },
  "result": {
    "id": "lumymon:electric_connector",
    "count": 1,
    "components": {
      "lumymon:structure_name": "cobbleverse:walter",
      "lumymon:dimension_id": "any",
      "lumymon:map_decoration": "lumymon:electric_gym"
    }
  }
}