{
  "type": "minecraft:crafting_shaped",
  "pattern": [
    " X ",
    " Y ",
    " Z "
  ],
  "key": {
    "X": { "item": "minecraft:flint" },
    "Y": { "item": "cobblemon:charcoal_stick" },
    "Z": { "item": "minecraft:iron_ingot" }
  },
  "result": {
    "id": "lumymon:fire_lighter",
    "count": 1,
    "components": {
      "lumymon:structure_name": "cobbleverse:fiammetta",
      "lumymon:dimension_id": "any",
      "lumymon:map_decoration": "lumymon:fire_gym"
    }
  }
}