{
  "type": "minecraft:crafting_shaped",
  "pattern": [
    " Y ",
    " X ",
    "ZWZ"
  ],
  "key": {
    "W": { "item": "minecraft:netherite_ingot" },
    "X": { "item": "minecraft:redstone_block" },
    "Y": { "item": "cobblemon:metal_coat" },
    "Z": { "item": "minecraft:obsidian" }
  },
  "result": {
    "id": "lumymon:steel_hat",
    "count": 1,
    "components": {
      "lumymon:structure_name": "cobbleverse:hoenn_league",
      "lumymon:dimension_id": "any",
      "lumymon:map_decoration": "lumymon:league"
    }
  }
}