{
  "target": "cobblemon:applin",
  "implemented": true,
  "shoulderMountable": true,
  "baseScale": 0.4,
  "hitbox": {
    "width": 0.3,
    "height": 0.5,
    "fixed": false
  },
  "behaviour": {
    "resting": {
      "canSleep": true,
      "depth": "normal",
      "light": "0-4"
    },
    "moving": {
      "canLook": false,
      "walk": {
  	    "walkSpeed": 0.145,
        "canWalk": true,
        "avoidsLand": false
      },
      "swim": {
        "swimSpeed": 0.1,
        "canSwimInWater": true,
        "canBreatheUnderwater": false
      }
    }
  },
  "drops": {
    "amount": 1,
    "entries": [
      {
        "item": "minecraft:apple",
        "percentage": 40
      },
      {
        "item": "cobblemon:sweet_apple",
        "percentage": 20
      },
      {
        "item": "cobblemon:tart_apple",
        "percentage": 20
      },
      {
        "item": "cobblemon:syrupy_apple",
        "percentage": 20
      }
    ]
  }
}