{
  "target": "cobblemon:archaludon",
  "implemented": true,
  "baseScale": 0.9,
  "hitbox": {
    "width": 1.0,
    "height": 2.2,
    "fixed": false
  },
  "riding": {
    "behaviours": {
      "LAND": {
        "key": "cobblemon:land/horse",
        "rideSounds": [],
        "stats": {
          "ACCELERATION": "25-40",
          "JUMP": "15-30",
          "SKILL": "25-40",
          "SPEED": "25-40",
          "STAMINA": "60-80"
        }
      }
    },
    "seats": [
      {
        "offset": {
          "x": 0.0,
          "y": 1.1,
          "z": 0.0
        },
        "poseOffsets": [
          {
            "offset": {
              "x": 0.0,
              "y": -1.3,
              "z": 0.1
            }
          }
        ]
      }
    ]
  }
}