{
  "target": "cobblemon:dialga",
  "implemented": true,
  "baseScale": 1,
  "hitbox": {
    "width": 3.0,
    "height": 6.0,
    "fixed": false
  },
  "moves": [
    "1:scaryface",
    "1:metalclaw",
    "8:dragonbreath",
    "16:ancientpower",
    "24:slash",
    "32:flashcannon",
    "40:dragonclaw",
    "48:aurasphere",
    "56:powergem",
    "64:metalburst",
    "72:earthpower",
    "80:irontail",
    "88:roaroftime",
    "tm:ancientpower",
    "tm:aurasphere",
    "tm:blizzard",
    "tm:bodypress",
    "tm:bodyslam",
    "tm:breakingswipe",
    "tm:brickbreak",
    "tm:bulkup",
    "tm:bulldoze",
    "tm:cut",
    "tm:dracometeor",
    "tm:dragonclaw",
    "tm:dragonpulse",
    "tm:dragontail",
    "tm:earthpower",
    "tm:earthquake",
    "tm:echoedvoice",
    "tm:endure",
    "tm:facade",
    "tm:fireblast",
    "tm:flamethrower",
    "tm:flash",
    "tm:flashcannon",
    "tm:focusblast",
    "tm:furycutter",
    "tm:gigaimpact",
    "tm:gravity",
    "tm:headbutt",
    "tm:heavyslam",
    "tm:honeclaws",
    "tm:hyperbeam",
    "tm:hypervoice",
    "tm:icebeam",
    "tm:incinerate",
    "tm:irondefense",
    "tm:ironhead",
    "tm:irontail",
    "tm:magnetrise",
    "tm:metalclaw",
    "tm:metalsound",
    "tm:outrage",
    "tm:overheat",
    "tm:powergem",
    "tm:protect",
    "tm:psychup",
    "tm:raindance",
    "tm:rest",
    "tm:roar",
    "tm:rockslide",
    "tm:rocksmash",
    "tm:rocktomb",
    "tm:safeguard",
    "tm:sandstorm",
    "tm:scaleshot",
    "tm:scaryface",
    "tm:shadowclaw",
    "tm:shockwave",
    "tm:sleeptalk",
    "tm:stealthrock",
    "tm:steelbeam",
    "tm:stompingtantrum",
    "tm:stoneedge",
    "tm:strength",
    "tm:substitute",
    "tm:sunnyday",
    "tm:swift",
    "tm:takedown",
    "tm:terablast",
    "tm:thunder",
    "tm:thunderbolt",
    "tm:thunderwave",
    "tm:trick",
    "tm:trickroom",
    "tm:twister",
    "tutor:ancientpower",
    "tutor:bulkup",
    "tutor:bulldoze",
    "tutor:dracometeor",
    "tutor:dragonpulse",
    "tutor:earthpower",
    "tutor:flamethrower",
    "tutor:flashcannon",
    "tutor:furycutter",
    "tutor:gigaimpact",
    "tutor:gravity",
    "tutor:hyperbeam",
    "tutor:hypervoice",
    "tutor:icebeam",
    "tutor:irondefense",
    "tutor:ironhead",
    "tutor:irontail",
    "tutor:magnetrise",
    "tutor:outrage",
    "tutor:rest",
    "tutor:rockslide",
    "tutor:rocksmash",
    "tutor:scaleshot",
    "tutor:shadowclaw",
    "tutor:shockwave",
    "tutor:sleeptalk",
    "tutor:stealthrock",
    "tutor:steelbeam",
    "tutor:stompingtantrum",
    "tutor:stoneedge",
    "tutor:swift",
    "tutor:thunderbolt",
    "tutor:trick",
    "tutor:twister",
    "legacy:aerialace",
    "legacy:confide",
    "legacy:doubleteam",
    "legacy:frustration",
    "legacy:healblock",
    "legacy:hiddenpower",
    "legacy:mudslap",
    "legacy:naturalgift",
    "legacy:return",
    "legacy:round",
    "legacy:secretpower",
    "legacy:snore",
    "legacy:swagger",
    "legacy:toxic"
  ],
  "riding": {
    "behaviours": {
      "AIR": {
        "key": "cobblemon:air/bird",
        "rideSounds": [
          {
            "muffleEnabled": true,
            "pitchExpr": "math.max(1.0 ,0.2 + math.pow(math.min(q.ride_velocity() / 1.5, 1.0),2))",
            "playForNonPassengers": true,
            "soundLocation": "cobblemon:ride.loop.wind",
            "volumeExpr": "math.pow(math.min(q.ride_velocity() / 1.5, 1.0),2)"
          },
          {
            "muffleEnabled": true,
            "pitchExpr": "math.max(1.0 ,0.2 + math.pow(math.min(q.ride_velocity() / 1.5, 1.0),2))",
            "playForNonPassengers": true,
            "soundLocation": "cobblemon:ride.loop.leather",
            "volumeExpr": "math.pow(math.min(q.ride_velocity() / 1.5, 1.0),2)"
          }
        ],
        "stats": {
          "ACCELERATION": "45-75",
          "JUMP": "30-65",
          "SKILL": "55-85",
          "SPEED": "30-80",
          "STAMINA": "45-77"
        }
      },
      "LAND": {
        "key": "cobblemon:land/horse",
        "rideSounds": [],
        "stats": {
          "ACCELERATION": "55-65",
          "JUMP": "20-80",
          "SKILL": "20-55",
          "SPEED": "40-70",
          "STAMINA": "55-99"
        }
      }
    },
    "seats": [
      {
        "offset": {
          "x": 0.0,
          "y": 0.0,
          "z": 0.0
        },
        "poseOffsets": [
          {
            "offset": {
              "x": 0.0047415113,
              "y": -1.6152971,
              "z": 0.35461712
            },
            "poseTypes": [
              "STAND"
            ]
          },
          {
            "offset": {
              "x": -0.003806442,
              "y": -1.7203209,
              "z": 0.12983066
            },
            "poseTypes": [
              "WALK"
            ]
          },
          {
            "offset": {
              "x": 0.039005388,
              "y": -2.4511793,
              "z": 0.10381147
            },
            "poseTypes": [
              "HOVER"
            ]
          },
          {
            "offset": {
              "x": 0.056267936,
              "y": -2.0914204,
              "z": -0.45272845
            },
            "poseTypes": [
              "FLY"
            ]
          },
          {
            "offset": {
              "x": 0.0,
              "y": -0.7674751,
              "z": -0.27694723
            },
            "poseTypes": [
              "FLOAT"
            ]
          },
          {
            "offset": {
              "x": -0.003806442,
              "y": -1.7203209,
              "z": 0.12983066
            },
            "poseTypes": [
              "SWIM"
            ]
          },
          {
            "offset": {
              "x": 0.0047415113,
              "y": -1.6152971,
              "z": 0.35461712
            },
            "poseTypes": [
              "GLIDE"
            ]
          }
        ]
      }
    ]
  },
  "behaviour": {
    "moving": {
      "walk": {
        "walkSpeed": 0.3
      },
      "fly": {
        "canFly": true,
        "flySpeedHorizontal": 0.7
      }
    },
    "combat": {
      "willDefendSelf": true,
      "willDefendOwner": true,
      "willFlee": false
    },
    "fireImmune": true
  }
}