{
  "target": "cobblemon:ironcrown",
  "implemented": true,
  "baseScale": 0.75,
  "hitbox": {
    "width": 1.6,
    "height": 2.4,
    "fixed": false
  },
  "riding": {
    "behaviours": {
      "LAND": {
        "key": "cobblemon:land/horse",
        "rideSounds": [],
        "stats": {
          "ACCELERATION": "50-70",
          "JUMP": "25-45",
          "SKILL": "60-80",
          "SPEED": "45-65",
          "STAMINA": "80-100"
        }
      }
    },
    "seats": [
      {
        "offset": {
          "x": 0.0,
          "y": 0.0,
          "z": 0.0
        }
      }
    ]
  }
}