{
  "type": "minecraft:crafting_shaped",
  "pattern": [
    " Y ",
    "XZX",
    "X X"
  ],
  "key": {
    "X": { "item": "minecraft:obsidian" },
    "Y": { "item": "cobblemon:covert_cloak" },
    "Z": { "item": "minecraft:dragon_breath" }
  },
  "result": {
    "id": "lumymon:master_cape",
    "count": 1,
    "components": {
      "lumymon:structure_name": "cobbleverse:johto_league",
      "lumymon:dimension_id": "minecraft:the_end",
      "lumymon:map_decoration": "lumymon:league"
    }
  }
}