{
  "type": "minecraft:crafting_shaped",
  "pattern": [
    " X ",
    "XYX",
    "ZX "
  ],
  "key": {
    "X": { "item": "minecraft:iron_ingot" },
    "Y": { "item": "cobblemon:wide_lens" },
    "Z": { "item": "minecraft:breeze_rod" }
  },
  "result": {
    "id": "lumymon:magnifying_glass",
    "count": 1,
    "components": {
      "lumymon:structure_name": "cobbleverse:raffaello",
      "lumymon:dimension_id": "any",
      "lumymon:map_decoration": "lumymon:bug_gym"
    }
  }
}