{
  "type": "minecraft:crafting_shaped",
  "pattern": [
    "X X",
    "ZYZ",
    "X X"
  ],
  "key": {
    "X": { "item": "minecraft:iron_ingot" },
    "Y": { "item": "cobblemon:protective_pads" },
    "Z": { "item": "minecraft:anvil" }
  },
  "result": {
    "id": "lumymon:heavy_dumbbell",
    "count": 1,
    "components": {
      "lumymon:structure_name": "cobbleverse:furio",
      "lumymon:dimension_id": "any",
      "lumymon:map_decoration": "lumymon:fighting_gym"
    }
  }
}