{
  "target": "cobblemon:altaria",
  "riding": {
    "behaviours": {
      "AIR": {
        "key": "cobblemon:air/bird",
        "rideSounds": [
          {
            "muffleEnabled": true,
            "pitchExpr": "math.max(1.0 ,0.2 + math.pow(math.min(q.ride_velocity() / 1.5, 1.0),2))",
            "playForNonPassengers": true,
            "soundLocation": "cobblemon:ride.loop.wind",
            "volumeExpr": "math.pow(math.min(q.ride_velocity() / 1.5, 1.0),2)"
          }
        ],
        "stats": {
          "ACCELERATION": "30-60",
          "JUMP": "25-45",
          "SKILL": "55-80",
          "SPEED": "110-140",
          "STAMINA": "70-90"
        }
      },
      "LAND": {
        "key": "cobblemon:land/horse",
        "rideSounds": [],
        "canJump": false,
        "canSprint": false,
        "stats": {
          "ACCELERATION": "10-40",
          "JUMP": "10-40",
          "SKILL": "80-100",
          "SPEED": "10-40",
          "STAMINA": "10-40"
        }
      }
    },
    "seats": [
      {
        "offset": { "x": 0.0, "y": 0.0, "z": 0.0 },
        "poseOffsets": [
          {
            "offset": { "x": 0.004296821, "y": -0.99999994, "z": 0.18746306 },
            "poseTypes": ["STAND"]
          },
          {
            "offset": { "x": -0.03357892, "y": -0.86207306, "z": 0.28810662 },
            "poseTypes": ["WALK"]
          },
          {
            "offset": { "x": 0.006606072, "y": -1.1491743, "z": 0.234375 },
            "poseTypes": ["HOVER"]
          },
          {
            "offset": { "x": 0.0, "y": -1.0920849, "z": 0.21032667 },
            "poseTypes": ["FLY"]
          },
          {
            "offset": { "x": 0.004296821, "y": -0.99999994, "z": 0.18746306 },
            "poseTypes": ["FLOAT"]
          },
          {
            "offset": { "x": 0.004296821, "y": -0.99999994, "z": 0.18746306 },
            "poseTypes": ["SWIM"]
          },
          {
            "offset": { "x": 0.004296821, "y": -0.99999994, "z": 0.18746306 },
            "poseTypes": ["GLIDE"]
          }
        ]
      }
    ]
  }
}
