{
  "target": "cobblemon:braviary",
  "riding": {
    "behaviours": {
      "AIR": {
        "key": "cobblemon:air/bird",
        "rideSounds": [
          {
            "muffleEnabled": true,
            "pitchExpr": "math.max(1.0 ,0.2 + math.pow(math.min(q.ride_velocity() / 1.5, 1.0),2))",
            "playForNonPassengers": true,
            "soundLocation": "cobblemon:ride.loop.plumage",
            "volumeExpr": "math.pow(math.min(q.ride_velocity() / 1.5, 1.0),2)"
          }
        ],
        "stats": {
          "ACCELERATION": "40-65",
          "JUMP": "35-55",
          "SKILL": "55-90",
          "SPEED": "140-180",
          "STAMINA": "45-75"
        }
      },
      "LAND": {
        "key": "cobblemon:land/horse",
        "rideSounds": [],
        "canJump": false,
        "canSprint": false,
        "stats": {
          "ACCELERATION": "90-100",
          "JUMP": "10-20",
          "SKILL": "15-30",
          "SPEED": "10-20",
          "STAMINA": "15-30"
        }
      }
    },
    "seats": [
      {
        "offset": { "x": 0.0, "y": 0.0, "z": 0.0 },
        "poseOffsets": [
          { "offset": { "x": 0.0, "y": -1.5777322, "z": 0.15812479 }, "poseTypes": ["STAND"] },
          { "offset": { "x": -0.04889254, "y": -1.5767877, "z": -0.13674115 }, "poseTypes": ["WALK"] },
          { "offset": { "x": -0.0625, "y": -1.5497842, "z": 0.13161922 }, "poseTypes": ["HOVER"] },
          { "offset": { "x": 0.011746965, "y": -1.4447626, "z": -0.10794052 }, "poseTypes": ["FLY"] },
          { "offset": { "x": 0.0, "y": -1.5777322, "z": 0.15812479 }, "poseTypes": ["FLOAT"] },
          { "offset": { "x": -0.04889254, "y": -1.5767877, "z": -0.13674115 }, "poseTypes": ["SWIM"] },
          { "offset": { "x": 0.0, "y": -1.5777322, "z": 0.15812479 }, "poseTypes": ["GLIDE"] }
        ]
      }
    ]
  }
}
