{
  "target": "cobblemon:claydol",
  "riding": {
    "behaviours": {
      "AIR": {
        "key": "cobblemon:air/hover",
        "rideSounds": [
          {
            "muffleEnabled": true,
            "pitchExpr": "math.max(1.0 ,0.2 + math.pow(math.min(q.ride_velocity() / 1.5, 1.0),2))",
            "playForNonPassengers": true,
            "soundLocation": "cobblemon:ride.loop.wind",
            "volumeExpr": "math.pow(math.min(q.ride_velocity() / 1.5, 1.0),2)"
          },
          {
            "muffleEnabled": true,
            "pitchExpr": "math.pow(math.min(math.max(0.5,(q.ride_velocity()*0.5 / 1.5) + 0.5), 1.0),2)",
            "playForNonPassengers": true,
            "soundLocation": "cobblemon:ride.loop.saucer",
            "volumeExpr": "math.pow(math.min(q.ride_velocity() / 1.5, 1.0),2)"
          }
        ],
        "stats": {
          "ACCELERATION": "60-90",
          "JUMP": "15-30",
          "SKILL": "55-95",
          "SPEED": "60-110",
          "STAMINA": "35-55"
        }
      }
    },
    "seats": [
      {
        "offset": { "x": 0.0, "y": 0.0, "z": 0.0 },
        "poseOffsets": [
          {
            "offset": { "x": 0.039817356, "y": -2.0712447, "z": 0.38493484 },
            "poseTypes": ["STAND"]
          },
          {
            "offset": { "x": 0.06330635, "y": -2.1076818, "z": 0.056633532 },
            "poseTypes": ["WALK"]
          },
          {
            "offset": { "x": 0.039817356, "y": -2.0712447, "z": 0.38493484 },
            "poseTypes": ["HOVER"]
          },
          {
            "offset": { "x": 0.06330635, "y": -2.1076818, "z": 0.056633532 },
            "poseTypes": ["FLY"]
          },
          {
            "offset": { "x": 0.039817356, "y": -2.0712447, "z": 0.38493484 },
            "poseTypes": ["FLOAT"]
          },
          {
            "offset": { "x": 0.06330635, "y": -2.1076818, "z": 0.056633532 },
            "poseTypes": ["SWIM"]
          },
          {
            "offset": { "x": 0.039817356, "y": -2.0712447, "z": 0.38493484 },
            "poseTypes": ["GLIDE"]
          }
        ]
      }
    ]
  }
}
