{
  "target": "cobblemon:cyclizar",
  "riding": {
    "behaviours": {
      "LAND": {
        "key": "cobblemon:land/horse",
        "rideSounds": [],
        "stats": {
          "ACCELERATION": "65-85",
          "JUMP": "35-55",
          "SKILL": "35-60",
          "SPEED": "55-95",
          "STAMINA": "30-60"
        }
      }
    },
    "seats": [
      {
        "offset": { "x": 0.0, "y": 0.0, "z": 0.0 },
        "poseOffsets": [
          { "poseTypes": ["STAND"], "offset": { "x": 0.0, "y": -1.2448049, "z": 0.4476499 } },
          { "poseTypes": ["WALK"], "offset": { "x": 0.030879233, "y": -1.2217013, "z": 0.41698992 } },
          { "poseTypes": ["HOVER"], "offset": { "x": 0.0, "y": -1.2448049, "z": 0.4476499 } },
          { "poseTypes": ["FLY"], "offset": { "x": 0.0, "y": -1.2448049, "z": 0.4476499 } },
          { "poseTypes": ["FLOAT"], "offset": { "x": 0.0, "y": -1.2448049, "z": 0.4476499 } },
          { "poseTypes": ["SWIM"], "offset": { "x": 0.030879233, "y": -1.2217013, "z": 0.41698992 } },
          { "poseTypes": ["GLIDE"], "offset": { "x": 0.0, "y": -1.2448049, "z": 0.4476499 } }
        ]
      }
    ]
  }
}
