{
  "target": "cobblemon:darmanitan",
  "riding": {
    "behaviours": {
      "LAND": {
        "key": "cobblemon:land/horse",
        "rideSounds": [],
        "stats": {
          "ACCELERATION": "55-80",
          "JUMP": "60-100",
          "SKILL": "20-45",
          "SPEED": "55-85",
          "STAMINA": "40-65"
        }
      }
    },
    "seats": [
      {
        "offset": { "x": 0.0, "y": 0.0, "z": 0.0 },
        "poseOffsets": [
          { "poseTypes": ["STAND"], "offset": { "x": 0.0, "y": -1.55, "z": 0.15 } },
          { "poseTypes": ["WALK"], "offset": { "x": -0.02, "y": -1.57, "z": 0.10 } },
          { "poseTypes": ["HOVER"], "offset": { "x": 0.0, "y": -1.55, "z": 0.15 } },
          { "poseTypes": ["FLY"], "offset": { "x": 0.0, "y": -1.55, "z": 0.15 } },
          { "poseTypes": ["FLOAT"], "offset": { "x": 0.0, "y": -1.55, "z": 0.15 } },
          { "poseTypes": ["SWIM"], "offset": { "x": -0.02, "y": -1.57, "z": 0.10 } },
          { "poseTypes": ["GLIDE"], "offset": { "x": 0.0, "y": -1.55, "z": 0.15 } }
        ]
      }
    ]
  }
}
