{
  "target": "cobblemon:heracross",
  "riding": {
    "behaviours": {
      "AIR": {
        "key": "cobblemon:air/bird",
        "rideSounds": [
          {
            "muffleEnabled": true,
            "pitchExpr": "math.max(1.0 ,0.2 + math.pow(math.min(q.ride_velocity() / 1.5, 1.0),2))",
            "playForNonPassengers": true,
            "soundLocation": "cobblemon:ride.loop.wind",
            "volumeExpr": "math.pow(math.min(q.ride_velocity() / 1.5, 1.0),2)"
          }
        ],
        "stats": {
          "ACCELERATION": "50-75",
          "JUMP": "0-5",
          "SKILL": "55-95",
          "SPEED": "75-110",
          "STAMINA": "15-40"
        }
      },
      "LAND": {
        "key": "cobblemon:land/horse",
        "rideSounds": [],
        "stats": {
          "ACCELERATION": "55-70",
          "JUMP": "35-50",
          "SKILL": "40-65",
          "SPEED": "15-30",
          "STAMINA": "35-50"
        }
      }
    },
    "seats": [
      {
        "offset": { "x": 0.0, "y": 0.0, "z": 0.0 },
        "poseOffsets": [
          {
            "offset": { "x": 0.0, "y": -1.1883647, "z": 0.42571944 },
            "poseTypes": ["STAND"]
          },
          {
            "offset": { "x": 0.0, "y": -1.1850163, "z": 0.35647845 },
            "poseTypes": ["WALK"]
          },
          {
            "offset": { "x": 0.0, "y": -1.4426364, "z": 0.46148896 },
            "poseTypes": ["HOVER"]
          },
          {
            "offset": { "x": 0.0, "y": -1.5617441, "z": 0.07740402 },
            "poseTypes": ["FLY"]
          },
          {
            "offset": { "x": 0.0, "y": -1.1883647, "z": 0.42571944 },
            "poseTypes": ["FLOAT"]
          },
          {
            "offset": { "x": 0.0, "y": -1.1850163, "z": 0.35647845 },
            "poseTypes": ["SWIM"]
          },
          {
            "offset": { "x": 0.0, "y": -1.1883647, "z": 0.42571944 },
            "poseTypes": ["GLIDE"]
          }
        ]
      }
    ]
  }
}
