{
  "target": "cobblemon:hydreigon",
  "riding": {
    "behaviours": {
      "AIR": {
        "key": "cobblemon:air/bird",
        "rideSounds": [
          {
            "muffleEnabled": true,
            "pitchExpr": "math.max(1.0 ,0.2 + math.pow(math.min(q.ride_velocity() / 1.5, 1.0),2))",
            "playForNonPassengers": true,
            "soundLocation": "cobblemon:ride.loop.wind",
            "volumeExpr": "math.pow(math.min(q.ride_velocity() / 1.5, 1.0),2)"
          },
          {
            "muffleEnabled": true,
            "pitchExpr": "math.max(1.0 ,0.2 + math.pow(math.min(q.ride_velocity() / 1.5, 1.0),2))",
            "playForNonPassengers": true,
            "soundLocation": "cobblemon:ride.loop.leather",
            "volumeExpr": "math.pow(math.min(q.ride_velocity() / 1.5, 1.0),2)"
          }
        ],
        "stats": {
          "ACCELERATION": "40-60",
          "JUMP": "5-10",
          "SKILL": "55-80",
          "SPEED": "90-160",
          "STAMINA": "70-100"
        }
      },
      "LAND": {
        "key": "cobblemon:land/horse",
        "rideSounds": [],
        "canJump": false,
        "canSprint": false,
        "stats": {
          "ACCELERATION": "10-40",
          "JUMP": "10-40",
          "SKILL": "80-100",
          "SPEED": "10-40",
          "STAMINA": "10-40"
        }
      }
    },
    "seats": [
      {
        "offset": { "x": 0.0, "y": 0.0, "z": 0.0 },
        "poseOffsets": [
          {
            "offset": { "x": 0.00008215185, "y": -2.4957511, "z": 0.10059106 },
            "poseTypes": ["STAND"]
          },
          {
            "offset": { "x": 0.0, "y": -2.350149, "z": -0.12232086 },
            "poseTypes": ["WALK"]
          },
          {
            "offset": { "x": 0.00008215185, "y": -2.4957511, "z": 0.10059106 },
            "poseTypes": ["HOVER"]
          },
          {
            "offset": { "x": 0.0, "y": -2.350149, "z": -0.12232086 },
            "poseTypes": ["FLY"]
          },
          {
            "offset": { "x": -0.14792234, "y": -2.248415, "z": 0.18036754 },
            "poseTypes": ["FLOAT"]
          },
          {
            "offset": { "x": -0.14792234, "y": -2.248415, "z": 0.18036754 },
            "poseTypes": ["SWIM"]
          },
          {
            "offset": { "x": -0.14792234, "y": -2.248415, "z": 0.18036754 },
            "poseTypes": ["GLIDE"]
          }
        ]
      },
      {
        "offset": { "x": 0.0, "y": 0.0, "z": 0.0 },
        "poseOffsets": [
          {
            "offset": { "x": -0.0018294463, "y": -1.9147544, "z": 0.66856575 },
            "poseTypes": ["STAND"]
          },
          {
            "offset": { "x": 0.0, "y": -1.9790326, "z": 0.529425 },
            "poseTypes": ["WALK"]
          },
          {
            "offset": { "x": -0.0018294463, "y": -1.9147544, "z": 0.66856575 },
            "poseTypes": ["HOVER"]
          },
          {
            "offset": { "x": 0.0, "y": -1.9790326, "z": 0.529425 },
            "poseTypes": ["FLY"]
          },
          {
            "offset": { "x": -0.39855194, "y": -1.6268008, "z": 0.5169395 },
            "poseTypes": ["FLOAT"]
          },
          {
            "offset": { "x": -0.39855194, "y": -1.6268008, "z": 0.5169395 },
            "poseTypes": ["SWIM"]
          },
          {
            "offset": { "x": -0.39855194, "y": -1.6268008, "z": 0.5169395 },
            "poseTypes": ["GLIDE"]
          }
        ]
      }
    ]
  }
}
