{
  "target": "cobblemon:lickilicky",
  "riding": {
    "behaviours": {
      "LAND": {
        "key": "cobblemon:land/horse",
        "rideSounds": [],
        "stats": {
          "ACCELERATION": "20-45",
          "JUMP": "40-60",
          "SKILL": "0-5",
          "SPEED": "40-65",
          "STAMINA": "20-40"
        }
      }
    },
    "seats": [
      {
        "offset": { "x": 0.0, "y": 0.0, "z": 0.0 },
        "poseOffsets": [
          {
            "poseTypes": ["STAND"],
            "offset": { "x": 0.6414222, "y": -1.7093971, "z": 0.1221373 }
          },
          {
            "poseTypes": ["WALK"],
            "offset": { "x": 0.6823541, "y": -1.6204406, "z": 0.05199863 }
          },
          {
            "poseTypes": ["HOVER"],
            "offset": { "x": 0.69739246, "y": -1.684004, "z": 0.09575006 }
          },
          {
            "poseTypes": ["FLY"],
            "offset": { "x": 0.69739246, "y": -1.684004, "z": 0.09575006 }
          },
          {
            "poseTypes": ["FLOAT"],
            "offset": { "x": 0.69739246, "y": -1.684004, "z": 0.09575006 }
          },
          {
            "poseTypes": ["SWIM"],
            "offset": { "x": 0.6823541, "y": -1.6204406, "z": 0.05199863 }
          },
          {
            "poseTypes": ["GLIDE"],
            "offset": { "x": 0.69739246, "y": -1.684004, "z": 0.09575006 }
          }
        ]
      },
      {
        "offset": { "x": 0.0, "y": 0.0, "z": 0.0 },
        "poseOffsets": [
          {
            "poseTypes": ["STAND"],
            "offset": { "x": -0.60856014, "y": -1.7158964, "z": 0.12347735 }
          },
          {
            "poseTypes": ["WALK"],
            "offset": { "x": -0.5613717, "y": -1.7270714, "z": 0.11739448 }
          },
          {
            "poseTypes": ["HOVER"],
            "offset": { "x": -0.54780364, "y": -1.7103661, "z": 0.20201263 }
          },
          {
            "poseTypes": ["FLY"],
            "offset": { "x": -0.54780364, "y": -1.7103661, "z": 0.20201263 }
          },
          {
            "poseTypes": ["FLOAT"],
            "offset": { "x": -0.54780364, "y": -1.7103661, "z": 0.20201263 }
          },
          {
            "poseTypes": ["SWIM"],
            "offset": { "x": -0.5613717, "y": -1.7270714, "z": 0.11739448 }
          },
          {
            "poseTypes": ["GLIDE"],
            "offset": { "x": -0.54780364, "y": -1.7103661, "z": 0.20201263 }
          }
        ]
      }
    ]
  }
}
