{
  "target": "cobblemon:mamoswine",
  "riding": {
    "behaviours": {
      "LAND": {
        "key": "cobblemon:land/horse",
        "rideSounds": [],
        "stats": {
          "ACCELERATION": "30-55",
          "JUMP": "10-20",
          "SKILL": "30-50",
          "SPEED": "50-75",
          "STAMINA": "60-90"
        }
      }
    },
    "seats": [
      {
        "offset": { "x": 0.0, "y": 0.0, "z": 0.0 },
        "poseOffsets": [
          {
            "poseTypes": ["STAND"],
            "offset": { "x": 0.0, "y": -3.493299, "z": -1.1497737 }
          },
          {
            "poseTypes": ["WALK"],
            "offset": { "x": 0.084058926, "y": -3.468555, "z": -1.1179147 }
          },
          {
            "poseTypes": ["HOVER"],
            "offset": { "x": 0.0, "y": -3.493299, "z": -1.1497737 }
          },
          {
            "poseTypes": ["FLY"],
            "offset": { "x": 0.0, "y": -3.493299, "z": -1.1497737 }
          },
          {
            "poseTypes": ["FLOAT"],
            "offset": { "x": 0.0, "y": -3.493299, "z": -1.1497737 }
          },
          {
            "poseTypes": ["SWIM"],
            "offset": { "x": 0.084058926, "y": -3.468555, "z": -1.1179147 }
          },
          {
            "poseTypes": ["GLIDE"],
            "offset": { "x": 0.0, "y": -3.493299, "z": -1.1497737 }
          }
        ]
      },
      {
        "offset": { "x": 0.0, "y": 0.0, "z": 0.0 },
        "poseOffsets": [
          {
            "poseTypes": ["STAND"],
            "offset": { "x": -0.56249994, "y": -3.443131, "z": 0.28685042 }
          },
          {
            "poseTypes": ["WALK"],
            "offset": { "x": -0.5277365, "y": -3.405798, "z": 0.2979174 }
          },
          {
            "poseTypes": ["HOVER"],
            "offset": { "x": -0.56249994, "y": -3.443131, "z": 0.28685042 }
          },
          {
            "poseTypes": ["FLY"],
            "offset": { "x": -0.56249994, "y": -3.443131, "z": 0.28685042 }
          },
          {
            "poseTypes": ["FLOAT"],
            "offset": { "x": -0.56249994, "y": -3.443131, "z": 0.28685042 }
          },
          {
            "poseTypes": ["SWIM"],
            "offset": { "x": -0.5277365, "y": -3.405798, "z": 0.2979174 }
          },
          {
            "poseTypes": ["GLIDE"],
            "offset": { "x": -0.56249994, "y": -3.443131, "z": 0.28685042 }
          }
        ]
      },
      {
        "offset": { "x": 0.0, "y": 0.0, "z": 0.0 },
        "poseOffsets": [
          {
            "poseTypes": ["STAND"],
            "offset": { "x": 0.56249994, "y": -3.443131, "z": 0.28685042 }
          },
          {
            "poseTypes": ["WALK"],
            "offset": { "x": 0.5965877, "y": -3.4074812, "z": 0.33686945 }
          },
          {
            "poseTypes": ["HOVER"],
            "offset": { "x": 0.56249994, "y": -3.443131, "z": 0.28685042 }
          },
          {
            "poseTypes": ["FLY"],
            "offset": { "x": 0.56249994, "y": -3.443131, "z": 0.28685042 }
          },
          {
            "poseTypes": ["FLOAT"],
            "offset": { "x": 0.56249994, "y": -3.443131, "z": 0.28685042 }
          },
          {
            "poseTypes": ["SWIM"],
            "offset": { "x": 0.5965877, "y": -3.4074812, "z": 0.33686945 }
          },
          {
            "poseTypes": ["GLIDE"],
            "offset": { "x": 0.56249994, "y": -3.443131, "z": 0.28685042 }
          }
        ]
      }
    ]
  }
}
