{
  "target": "cobblemon:piloswine",

  "riding": {
    "behaviours": {
      "LAND": {
        "key": "cobblemon:land/horse",
        "rideSounds": [],
        "stats": {
          "ACCELERATION": "30-50",
          "JUMP": "5-10",
          "SKILL": "30-45",
          "SPEED": "40-55",
          "STAMINA": "35-70"
        }
      }
    },
    "seats": [
      {
        "offset": { "x": 0.0, "y": 0.0, "z": 0.0 },
        "poseOffsets": [
          { "poseTypes": ["STAND"], "offset": { "x": 0.0,          "y": -1.3190807, "z": 0.21233678 } },
          { "poseTypes": ["WALK"],  "offset": { "x": -0.024600144, "y": -1.3374763, "z": 0.22335267 } },
          { "poseTypes": ["HOVER"], "offset": { "x": 0.0,          "y": -1.3190807, "z": 0.21233678 } },
          { "poseTypes": ["FLY"],   "offset": { "x": 0.0,          "y": -1.3190807, "z": 0.21233678 } },
          { "poseTypes": ["FLOAT"], "offset": { "x": 0.0,          "y": -1.3190807, "z": 0.21233678 } },
          { "poseTypes": ["SWIM"],  "offset": { "x": 0.0,          "y": -1.3190807, "z": 0.21233678 } },
          { "poseTypes": ["GLIDE"], "offset": { "x": 0.0,          "y": -1.3190807, "z": 0.21233678 } }
        ]
      }
    ]
  }
}
