{
  "target": "cobblemon:rhyperior",
  "riding": {
    "behaviours": {
      "LAND": {
        "key": "cobblemon:land/horse",
        "rideSounds": [],
        "stats": {
          "ACCELERATION": "45-75",
          "JUMP": "10-25",
          "SKILL": "25-55",
          "SPEED": "60-100",
          "STAMINA": "75-100"
        }
      }
    },
    "seats": [
      {
        "offset": { "x": 0.0, "y": 0.0, "z": 0.0 },
        "poseOffsets": [
          {
            "poseTypes": ["STAND"],
            "offset": { "x": 0.00012022187, "y": -3.0589306, "z": -0.023141712 }
          },
          {
            "poseTypes": ["WALK"],
            "offset": { "x": -0.021572903, "y": -2.9150364, "z": 0.14381033 }
          },
          {
            "poseTypes": ["HOVER"],
            "offset": { "x": 0.019868314, "y": -3.04766, "z": -0.078835934 }
          },
          {
            "poseTypes": ["FLY"],
            "offset": { "x": 0.019868314, "y": -3.04766, "z": -0.078835934 }
          },
          {
            "poseTypes": ["FLOAT"],
            "offset": { "x": -0.021572903, "y": -2.9150364, "z": 0.14381033 }
          },
          {
            "poseTypes": ["SWIM"],
            "offset": { "x": -0.021572903, "y": -2.9150364, "z": 0.14381033 }
          },
          {
            "poseTypes": ["GLIDE"],
            "offset": { "x": 0.019868314, "y": -3.04766, "z": -0.078835934 }
          }
        ]
      }
    ]
  }
}
