{
  "target": "cobblemon:sneasler",

  "riding": {
    "behaviours": {
      "LAND": {
        "key": "cobblemon:land/horse",
        "rideSounds": [],
        "stats": {
          "ACCELERATION": "75-90",
          "JUMP": "50-65",
          "SKILL": "65-85",
          "SPEED": "55-75",
          "STAMINA": "10-20"
        }
      }
    },
    "seats": [
      {
        "offset": { "x": 0.0, "y": 0.0, "z": 0.0 },
        "poseOffsets": [
          { "poseTypes": ["STAND"], "offset": { "x": 0.0015544835, "y": -1.86504,   "z": 0.47154668 } },
          { "poseTypes": ["WALK"],  "offset": { "x": -0.000930856, "y": -1.8752725, "z": 0.43995833 } },
          { "poseTypes": ["HOVER"], "offset": { "x": 0.0015544835, "y": -1.86504,   "z": 0.47154668 } },
          { "poseTypes": ["FLY"],   "offset": { "x": 0.0015544835, "y": -1.86504,   "z": 0.47154668 } },
          { "poseTypes": ["FLOAT"], "offset": { "x": 0.0015544835, "y": -1.86504,   "z": 0.47154668 } },
          { "poseTypes": ["SWIM"],  "offset": { "x": 0.0015544835, "y": -1.86504,   "z": 0.47154668 } },
          { "poseTypes": ["GLIDE"], "offset": { "x": 0.0015544835, "y": -1.86504,   "z": 0.47154668 } }
        ]
      }
    ]
  }
}
