{
  "target": "cobblemon:togekiss",
  "riding": {
    "behaviours": {
      "AIR": {
        "key": "cobblemon:air/jet",
        "rideSounds": [
          {
            "muffleEnabled": true,
            "pitchExpr": "math.max(1.0 ,0.2 + math.pow(math.min(q.ride_velocity() / 1.5, 1.0),2))",
            "playForNonPassengers": true,
            "soundLocation": "cobblemon:ride.loop.wind",
            "volumeExpr": "math.pow(math.min(q.ride_velocity() / 1.5, 1.0),2)"
          }
        ],
        "stats": {
          "ACCELERATION": "70-90",
          "JUMP": "10-20",
          "SKILL": "55-95",
          "SPEED": "210-250",
          "STAMINA": "70-100"
        }
      },
      "LAND": {
        "key": "cobblemon:land/horse",
        "rideSounds": [],
        "canJump": false,
        "canSprint": false,
        "stats": {
          "ACCELERATION": "10-40",
          "JUMP": "10-40",
          "SKILL": "80-100",
          "SPEED": "10-40",
          "STAMINA": "10-40"
        }
      }
    },
    "seats": [
      {
        "offset": { "x": 0.0, "y": 0.0, "z": 0.0 },
        "poseOffsets": [
          {
            "offset": { "x": 0.00812481, "y": -0.9827318, "z": 0.6283719 },
            "poseTypes": ["STAND"]
          },
          {
            "offset": { "x": 0.017718038, "y": -1.1636286, "z": 0.5473058 },
            "poseTypes": ["WALK"]
          },
          {
            "offset": { "x": -0.018228253, "y": -1.3116126, "z": 0.32843813 },
            "poseTypes": ["HOVER"]
          },
          {
            "offset": { "x": -0.027343981, "y": -1.3249094, "z": 0.30336052 },
            "poseTypes": ["FLY"]
          },
          {
            "offset": { "x": 0.00812481, "y": -0.9827318, "z": 0.6283719 },
            "poseTypes": ["FLOAT"]
          },
          {
            "offset": { "x": 0.017718038, "y": -1.1636286, "z": 0.5473058 },
            "poseTypes": ["SWIM"]
          },
          {
            "offset": { "x": -0.018228253, "y": -1.6241126, "z": 0.32843813 },
            "poseTypes": ["GLIDE"]
          }
        ]
      }
    ]
  }
}
