{
  "target": "cobblemon:venusaur",

  "riding": {
    "behaviours": {
      "LAND": {
        "key": "cobblemon:land/horse",
        "rideSounds": [],
        "stats": {
          "ACCELERATION": "40-75",
          "JUMP": "70-90",
          "SKILL": "10-40",
          "SPEED": "30-55",
          "STAMINA": "45-85"
        }
      }
    },

    "seats": [
      {
        "offset": { "x": 0.0, "y": 0.0, "z": 0.0 },
        "poseOffsets": [
          {
            "offset": { "x": -0.011616215, "y": -1.3666525, "z": -0.28912854 },
            "poseTypes": ["STAND"]
          },
          {
            "offset": { "x": 0.041163683, "y": -1.4031144, "z": -0.28313723 },
            "poseTypes": ["WALK"]
          },
          {
            "offset": { "x": -0.013957404, "y": -1.4664029, "z": -0.13922381 },
            "poseTypes": ["HOVER"]
          },
          {
            "offset": { "x": -0.013957404, "y": -1.4664029, "z": -0.13922381 },
            "poseTypes": ["FLY"]
          },
          {
            "offset": { "x": -0.013957404, "y": -1.4664029, "z": -0.13922381 },
            "poseTypes": ["FLOAT"]
          },
          {
            "offset": { "x": 0.041163683, "y": -1.4031144, "z": -0.28313723 },
            "poseTypes": ["SWIM"]
          },
          {
            "offset": { "x": -0.013957404, "y": -1.4664029, "z": -0.13922381 },
            "poseTypes": ["GLIDE"]
          }
        ]
      }
    ]
  }
}
